{
  "Ansi 6 Color" : {
    "Red Component" : 0.16470588235294117,
    "Color Space" : "sRGB",
    "Blue Component" : 0.59607843137254901,
    "Green Component" : 0.63137254901960782
  },
  "Tags" : [

  ],
  "Ansi 12 Color" : {
    "Red Component" : 0.51372549019607838,
    "Color Space" : "sRGB",
    "Blue Component" : 0.58823529411764708,
    "Green Component" : 0.58039215686274515
  },
  "Use Non-ASCII Font" : false,
  "Normal Font" : "RobotoMonoForPowerline-Light 18",
  "Bold Color" : {
    "Red Component" : 0.57647058823529407,
    "Color Space" : "sRGB",
    "Blue Component" : 0.63137254901960782,
    "Green Component" : 0.63137254901960782
  },
  "Ansi 2 Color" : {
    "Red Component" : 0.52156862745098043,
    "Color Space" : "sRGB",
    "Blue Component" : 0,
    "Green Component" : 0.59999999999999998
  },
  "Ansi 4 Color" : {
    "Red Component" : 0.14901960784313725,
    "Color Space" : "sRGB",
    "Blue Component" : 0.82352941176470584,
    "Green Component" : 0.54509803921568623
  },
  "Ansi 5 Color" : {
    "Red Component" : 0.709869384765625,
    "Color Space" : "sRGB",
    "Blue Component" : 0.069204032886773348,
    "Alpha Component" : 1,
    "Green Component" : 0.56290034637227393
  },
  "Rows" : 30,
  "Default Bookmark" : "No",
  "Cursor Guide Color" : {
    "Red Component" : 0.70214027166366577,
    "Color Space" : "sRGB",
    "Blue Component" : 1,
    "Alpha Component" : 0.25,
    "Green Component" : 0.92681378126144409
  },
  "Non-ASCII Anti Aliased" : true,
  "Use Bright Bold" : true,
  "Ansi 10 Color" : {
    "Red Component" : 0.34509803921568627,
    "Color Space" : "sRGB",
    "Blue Component" : 0.45882352941176469,
    "Green Component" : 0.43137254901960786
  },
  "Ambiguous Double Width" : false,
  "Jobs to Ignore" : [
    "rlogin",
    "ssh",
    "slogin",
    "telnet"
  ],
  "Ansi 15 Color" : {
    "Red Component" : 0.99215686274509807,
    "Color Space" : "sRGB",
    "Blue Component" : 0.8901960784313725,
    "Green Component" : 0.96470588235294119
  },
  "Foreground Color" : {
    "Red Component" : 0.51372549019607838,
    "Color Space" : "sRGB",
    "Blue Component" : 0.58823529411764708,
    "Green Component" : 0.58039215686274515
  },
  "Working Directory" : "\/Users\/orlando",
  "Blinking Cursor" : false,
  "Disable Window Resizing" : true,
  "Sync Title" : false,
  "Prompt Before Closing 2" : false,
  "BM Growl" : true,
  "Command" : "",
  "Description" : "Default",
  "Mouse Reporting" : true,
  "Screen" : -1,
  "Selection Color" : {
    "Red Component" : 0.027450980392156862,
    "Color Space" : "sRGB",
    "Blue Component" : 0.25882352941176473,
    "Green Component" : 0.21176470588235294
  },
  "Columns" : 120,
  "Idle Code" : 0,
  "Ansi 13 Color" : {
    "Red Component" : 0.42352941176470588,
    "Color Space" : "sRGB",
    "Blue Component" : 0.7686274509803922,
    "Green Component" : 0.44313725490196076
  },
  "Custom Command" : "No",
  "ASCII Anti Aliased" : true,
  "Non Ascii Font" : "Monaco 12",
  "Vertical Spacing" : 1,
  "Use Bold Font" : true,
  "Option Key Sends" : 0,
  "Selected Text Color" : {
    "Red Component" : 0.57647058823529407,
    "Color Space" : "sRGB",
    "Blue Component" : 0.63137254901960782,
    "Green Component" : 0.63137254901960782
  },
  "Background Color" : {
    "Red Component" : 0.066666666666666666,
    "Color Space" : "sRGB",
    "Blue Component" : 0.090196078431372548,
    "Alpha Component" : 1,
    "Green Component" : 0.082352941176470587
  },
  "Character Encoding" : 4,
  "Ansi 11 Color" : {
    "Red Component" : 0.396078431372549,
    "Color Space" : "sRGB",
    "Blue Component" : 0.51372549019607838,
    "Green Component" : 0.4823529411764706
  },
  "Use Italic Font" : true,
  "Unlimited Scrollback" : true,
  "Keyboard Map" : {
    "0x33-0x200000-0x0" : {
      "Action" : 12,
      "Text" : "3"
    },
    "0x2f-0x200000-0x0" : {
      "Action" : 12,
      "Text" : "\/"
    },
    "0x3-0x200000-0x0" : {
      "Action" : 11,
      "Text" : "0xd"
    },
    "0x38-0x200000-0x0" : {
      "Action" : 12,
      "Text" : "8"
    },
    "0xf728-0x80000-0x0" : {
      "Action" : 10,
      "Text" : "d"
    },
    "0xf70e-0x20000-0x0" : {
      "Action" : 10,
      "Text" : "[23;2~"
    },
    "0xf701-0x220000-0x0" : {
      "Action" : 10,
      "Text" : "[1;2B"
    },
    "0x32-0x40000-0x0" : {
      "Action" : 11,
      "Text" : "0x00"
    },
    "0xf700-0x240000-0x0" : {
      "Action" : 10,
      "Text" : "[1;5A"
    },
    "0xf703-0x220000-0x0" : {
      "Action" : 10,
      "Text" : "[1;2C"
    },
    "0xf70b-0x20000-0x0" : {
      "Action" : 10,
      "Text" : "[19;2~"
    },
    "0xf702-0x240000-0x0" : {
      "Action" : 10,
      "Text" : "[1;5D"
    },
    "0xf701-0x260000-0x0" : {
      "Action" : 10,
      "Text" : "[1;6B"
    },
    "0xf72b-0x40000-0x0" : {
      "Action" : 10,
      "Text" : "[1;5F"
    },
    "0xf703-0x260000-0x0" : {
      "Action" : 10,
      "Text" : "[1;6C"
    },
    "0x31-0x200000-0x0" : {
      "Action" : 12,
      "Text" : "1"
    },
    "0xf702-0x280000-0x0" : {
      "Action" : 10,
      "Text" : "b"
    },
    "0x2d-0x200000-0x0" : {
      "Action" : 12,
      "Text" : "-"
    },
    "0xf709-0x20000-0x0" : {
      "Action" : 10,
      "Text" : "[17;2~"
    },
    "0x36-0x200000-0x0" : {
      "Action" : 12,
      "Text" : "6"
    },
    "0xf706-0x20000-0x0" : {
      "Action" : 10,
      "Text" : "[1;2R"
    },
    "0x36-0x40000-0x0" : {
      "Action" : 11,
      "Text" : "0x1e"
    },
    "0xf729-0x40000-0x0" : {
      "Action" : 10,
      "Text" : "[1;5H"
    },
    "0x2d-0x40000-0x0" : {
      "Action" : 11,
      "Text" : "0x1f"
    },
    "0xf702-0x300000-0x0" : {
      "Action" : 11,
      "Text" : "0x1"
    },
    "0x7f-0x80000-0x0" : {
      "Action" : 11,
      "Text" : "0x1b 0x7f"
    },
    "0x33-0x40000-0x0" : {
      "Action" : 11,
      "Text" : "0x1b"
    },
    "0x2b-0x200000-0x0" : {
      "Action" : 12,
      "Text" : "+"
    },
    "0x34-0x200000-0x0" : {
      "Action" : 12,
      "Text" : "4"
    },
    "0xf70d-0x20000-0x0" : {
      "Action" : 10,
      "Text" : "[21;2~"
    },
    "0xf72b-0x20000-0x0" : {
      "Action" : 10,
      "Text" : "[1;2F"
    },
    "0x39-0x200000-0x0" : {
      "Action" : 12,
      "Text" : "9"
    },
    "0xf70a-0x20000-0x0" : {
      "Action" : 10,
      "Text" : "[18;2~"
    },
    "0x37-0x40000-0x0" : {
      "Action" : 11,
      "Text" : "0x1f"
    },
    "0xf708-0x20000-0x0" : {
      "Action" : 10,
      "Text" : "[15;2~"
    },
    "0xf729-0x20000-0x0" : {
      "Action" : 10,
      "Text" : "[1;2H"
    },
    "0xf700-0x220000-0x0" : {
      "Action" : 10,
      "Text" : "[1;2A"
    },
    "0xf705-0x20000-0x0" : {
      "Action" : 10,
      "Text" : "[1;2Q"
    },
    "0xf702-0x220000-0x0" : {
      "Action" : 10,
      "Text" : "[1;2D"
    },
    "0x2e-0x200000-0x0" : {
      "Action" : 12,
      "Text" : "."
    },
    "0x32-0x200000-0x0" : {
      "Action" : 12,
      "Text" : "2"
    },
    "0xf701-0x240000-0x0" : {
      "Action" : 10,
      "Text" : "[1;5B"
    },
    "0xf700-0x260000-0x0" : {
      "Action" : 10,
      "Text" : "[1;6A"
    },
    "0x37-0x200000-0x0" : {
      "Action" : 12,
      "Text" : "7"
    },
    "0xf703-0x240000-0x0" : {
      "Action" : 10,
      "Text" : "[1;5C"
    },
    "0x34-0x40000-0x0" : {
      "Action" : 11,
      "Text" : "0x1c"
    },
    "0xf702-0x260000-0x0" : {
      "Action" : 10,
      "Text" : "[1;6D"
    },
    "0xf703-0x280000-0x0" : {
      "Action" : 10,
      "Text" : "f"
    },
    "0xf70f-0x20000-0x0" : {
      "Action" : 10,
      "Text" : "[24;2~"
    },
    "0x7f-0x100000-0x0" : {
      "Action" : 11,
      "Text" : "0x15"
    },
    "0xf70c-0x20000-0x0" : {
      "Action" : 10,
      "Text" : "[20;2~"
    },
    "0xf703-0x300000-0x0" : {
      "Action" : 11,
      "Text" : "0x5"
    },
    "0x38-0x40000-0x0" : {
      "Action" : 11,
      "Text" : "0x7f"
    },
    "0x30-0x200000-0x0" : {
      "Action" : 12,